Datetime,Water Level (m)
2025-03-21 06:00:00,-0.5818915
2025-03-21 07:00:00,-0.19051884
2025-03-21 08:00:00,0.09240311
2025-03-21 09:00:00,0.25631487
2025-03-21 10:00:00,0.28839847
2025-03-21 11:00:00,0.18595545
2025-03-21 12:00:00,-0.028383147
2025-03-21 13:00:00,-0.28713363
2025-03-21 14:00:00,-0.4514511
2025-03-21 15:00:00,-0.55844
2025-03-21 16:00:00,-0.61460054
2025-03-21 17:00:00,-0.6380315
2025-03-21 18:00:00,-0.54630727
2025-03-21 19:00:00,-0.272991
2025-03-21 20:00:00,-0.102534905
2025-03-21 21:00:00,-0.037633073
2025-03-21 22:00:00,-0.057182297
2025-03-21 23:00:00,-0.18440878
2025-03-22 00:00:00,-0.38262388
2025-03-22 01:00:00,-0.57050794
2025-03-22 02:00:00,-0.71812075
2025-03-22 03:00:00,-0.8237039
2025-03-22 04:00:00,-0.8981223
2025-03-22 05:00:00,-0.91745746
2025-03-22 06:00:00,-0.81498253
2025-03-22 07:00:00,-0.5198259
2025-03-22 08:00:00,-0.23429577
2025-03-22 09:00:00,-0.063118435
2025-03-22 10:00:00,0.040566523
2025-03-22 11:00:00,0.05878032
2025-03-22 12:00:00,-0.0008586457
2025-03-22 13:00:00,-0.11699045
2025-03-22 14:00:00,-0.25309053
2025-03-22 15:00:00,-0.36648655
2025-03-22 16:00:00,-0.44066566
2025-03-22 17:00:00,-0.48261842
2025-03-22 18:00:00,-0.50251526
2025-03-22 19:00:00,-0.47040987
2025-03-22 20:00:00,-0.3509788
2025-03-22 21:00:00,-0.22052307
2025-03-22 22:00:00,-0.18169567
2025-03-22 23:00:00,-0.2163002
2025-03-23 00:00:00,-0.31036776
2025-03-23 01:00:00,-0.43621907
2025-03-23 02:00:00,-0.5695553
2025-03-23 03:00:00,-0.66877955
2025-03-23 04:00:00,-0.72789645
2025-03-23 05:00:00,-0.7440884
2025-03-23 06:00:00,-0.72358966
2025-03-23 07:00:00,-0.6511521
2025-03-23 08:00:00,-0.48386464
2025-03-23 09:00:00,-0.27974758
2025-03-23 10:00:00,-0.11753481
2025-03-23 11:00:00,0.013711602
2025-03-23 12:00:00,0.08787465
2025-03-23 13:00:00,0.089454636
2025-03-23 14:00:00,0.030700898
2025-03-23 15:00:00,-0.079611175
2025-03-23 16:00:00,-0.21620879
2025-03-23 17:00:00,-0.34662402
2025-03-23 18:00:00,-0.4533629
2025-03-23 19:00:00,-0.52923393
2025-03-23 20:00:00,-0.57004267
2025-03-23 21:00:00,-0.5621186
2025-03-23 22:00:00,-0.51685315
2025-03-23 23:00:00,-0.40210563
2025-03-24 00:00:00,-0.271989
2025-03-24 01:00:00,-0.22939858
2025-03-24 02:00:00,-0.2715881
2025-03-24 03:00:00,-0.3547571
2025-03-24 04:00:00,-0.46564585
2025-03-24 05:00:00,-0.581059
2025-03-24 06:00:00,-0.67674685
2025-03-24 07:00:00,-0.741164
2025-03-24 08:00:00,-0.74296427
2025-03-24 09:00:00,-0.65468735
2025-03-24 10:00:00,-0.43362567
2025-03-24 11:00:00,-0.17430058
2025-03-24 12:00:00,0.03801838
2025-03-24 13:00:00,0.18086626
2025-03-24 14:00:00,0.24471995
2025-03-24 15:00:00,0.22133242
2025-03-24 16:00:00,0.11799763
2025-03-24 17:00:00,-0.0674558
2025-03-24 18:00:00,-0.28257158
2025-03-24 19:00:00,-0.45537558
2025-03-24 20:00:00,-0.58676416
2025-03-24 21:00:00,-0.6672127
2025-03-24 22:00:00,-0.6987927
2025-03-24 23:00:00,-0.630639
2025-03-25 00:00:00,-0.39107937
2025-03-25 01:00:00,-0.16268614
2025-03-25 02:00:00,-0.03621615
2025-03-25 03:00:00,0.0016451144
2025-03-25 04:00:00,-0.055585153
2025-03-25 05:00:00,-0.19840053
2025-03-25 06:00:00,-0.39943725
2025-03-25 07:00:00,-0.58297426
2025-03-25 08:00:00,-0.709324
2025-03-25 09:00:00,-0.78045374
2025-03-25 10:00:00,-0.7774573
2025-03-25 11:00:00,-0.6070438
2025-03-25 12:00:00,-0.21097371
2025-03-25 13:00:00,0.11695782
2025-03-25 14:00:00,0.36568806
2025-03-25 15:00:00,0.49603364
2025-03-25 16:00:00,0.4952797
2025-03-25 17:00:00,0.35156667
2025-03-25 18:00:00,0.08208322
2025-03-25 19:00:00,-0.22217105
2025-03-25 20:00:00,-0.44789386
2025-03-25 21:00:00,-0.61498064
2025-03-25 22:00:00,-0.7318122
2025-03-25 23:00:00,-0.80727655
2025-03-26 00:00:00,-0.7201505
2025-03-26 01:00:00,-0.32530683
2025-03-26 02:00:00,0.006167706
2025-03-26 03:00:00,0.22382002
2025-03-26 04:00:00,0.33553067
2025-03-26 05:00:00,0.28184497
2025-03-26 06:00:00,0.054563694
2025-03-26 07:00:00,-0.26682964
2025-03-26 08:00:00,-0.51023066
2025-03-26 09:00:00,-0.6700063
2025-03-26 10:00:00,-0.7808255
2025-03-26 11:00:00,-0.83801186
2025-03-26 12:00:00,-0.7174098
2025-03-26 13:00:00,-0.1760042
2025-03-26 14:00:00,0.2712099
2025-03-26 15:00:00,0.5851722
2025-03-26 16:00:00,0.7710195
2025-03-26 17:00:00,0.75746083
2025-03-26 18:00:00,0.5377996
2025-03-26 19:00:00,0.15489274
2025-03-26 20:00:00,-0.19721146
2025-03-26 21:00:00,-0.42693594
2025-03-26 22:00:00,-0.5953156
2025-03-26 23:00:00,-0.7259555
2025-03-27 00:00:00,-0.80969876
2025-03-27 01:00:00,-0.58971214
2025-03-27 02:00:00,-0.059090547
2025-03-27 03:00:00,0.3203061
2025-03-27 04:00:00,0.584132
2025-03-27 05:00:00,0.6730614
2025-03-27 06:00:00,0.532088
